,postcode,average_salary
0,"2000, NSW",794.83
1,"2006, NSW",205.55
2,"2007, NSW",539.31
3,"2008, NSW",681.00
4,"2009, NSW",1110.81
5,"2010, NSW",1154.27
6,"2011, NSW",1122.69
7,"2015, NSW",1149.83
8,"2016, NSW",972.78
9,"2017, NSW",838.76
10,"2018, NSW",668.93
11,"2019, NSW",759.97
12,"2020, NSW",776.87
13,"2021, NSW",1243.31
14,"2022, NSW",992.23
15,"2023, NSW",1149.43
16,"2024, NSW",1022.49
17,"2025, NSW",1201.68
18,"2026, NSW",1053.32
19,"2027, NSW",1309.10
20,"2028, NSW",1257.01
21,"2029, NSW",1049.54
22,"2030, NSW",1040.30
23,"2031, NSW",996.47
24,"2032, NSW",616.34
25,"2033, NSW",802.80
26,"2034, NSW",1035.04
27,"2035, NSW",790.11
28,"2036, NSW",662.54
29,"2037, NSW",929.78
30,"2038, NSW",1074.11
31,"2039, NSW",1230.68
32,"2040, NSW",980.26
33,"2041, NSW",1200.53
34,"2042, NSW",992.55
35,"2043, NSW",1188.63
36,"2044, NSW",866.45
37,"2045, NSW",883.77
38,"2046, NSW",916.14
39,"2047, NSW",1060.35
40,"2048, NSW",978.85
41,"2049, NSW",923.71
42,"2050, NSW",1039.33
43,"2052, NSW",231.75
44,"2060, NSW",1250.24
45,"2061, NSW",1386.71
46,"2062, NSW",1204.55
47,"2063, NSW",1098.84
48,"2064, NSW",946.80
49,"2065, NSW",1194.07
50,"2066, NSW",1028.99
51,"2067, NSW",811.01
52,"2068, NSW",1003.01
53,"2069, NSW",995.48
54,"2070, NSW",981.00
55,"2071, NSW",945.76
56,"2072, NSW",900.11
57,"2073, NSW",993.53
58,"2074, NSW",963.82
59,"2075, NSW",951.01
60,"2076, NSW",904.72
61,"2077, NSW",750.60
62,"2079, NSW",809.24
63,"2080, NSW",737.69
64,"2081, NSW",807.84
65,"2082, NSW",767.47
66,"2083, NSW",803.15
67,"2084, NSW",839.54
68,"2085, NSW",828.88
69,"2086, NSW",843.56
70,"2087, NSW",844.30
71,"2088, NSW",1178.06
72,"2089, NSW",1230.47
73,"2090, NSW",1221.75
74,"2092, NSW",1017.48
75,"2093, NSW",957.99
76,"2094, NSW",1163.94
77,"2095, NSW",1177.61
78,"2096, NSW",1006.00
79,"2097, NSW",850.28
80,"2099, NSW",780.77
81,"2100, NSW",811.39
82,"2101, NSW",820.90
83,"2102, NSW",788.08
84,"2103, NSW",841.84
85,"2104, NSW",879.64
86,"2105, NSW",967.13
87,"2106, NSW",903.49
88,"2107, NSW",890.89
89,"2108, NSW",1096.07
90,"2109, NSW",543.02
91,"2110, NSW",973.27
92,"2111, NSW",925.79
93,"2112, NSW",764.68
94,"2113, NSW",811.65
95,"2114, NSW",782.53
96,"2115, NSW",636.65
97,"2116, NSW",632.32
98,"2117, NSW",643.51
99,"2118, NSW",681.34
100,"2119, NSW",932.30
101,"2120, NSW",842.52
102,"2121, NSW",784.24
103,"2122, NSW",682.18
104,"2123, NSW",nan
105,"2125, NSW",906.55
106,"2126, NSW",836.97
107,"2127, NSW",856.00
108,"2128, NSW",338.61
109,"2129, NSW",0.00
110,"2130, NSW",919.99
111,"2131, NSW",704.91
112,"2132, NSW",748.25
113,"2133, NSW",682.79
114,"2134, NSW",585.99
115,"2135, NSW",735.27
116,"2136, NSW",681.79
117,"2137, NSW",859.34
118,"2138, NSW",773.68
119,"2139, NSW",465.00
120,"2140, NSW",638.36
121,"2141, NSW",534.13
122,"2142, NSW",487.67
123,"2143, NSW",498.56
124,"2144, NSW",412.76
125,"2145, NSW",621.64
126,"2146, NSW",625.28
127,"2147, NSW",622.44
128,"2148, NSW",553.95
129,"2150, NSW",663.58
130,"2151, NSW",692.83
131,"2152, NSW",739.94
132,"2153, NSW",776.73
133,"2154, NSW",812.13
134,"2155, NSW",780.80
135,"2156, NSW",850.97
136,"2157, NSW",701.64
137,"2158, NSW",812.50
138,"2159, NSW",784.51
139,"2160, NSW",481.16
140,"2161, NSW",422.84
141,"2162, NSW",450.53
142,"2163, NSW",358.88
143,"2164, NSW",487.54
144,"2165, NSW",410.57
145,"2166, NSW",409.87
146,"2167, NSW",581.49
147,"2168, NSW",435.34
148,"2170, NSW",506.49
149,"2171, NSW",593.55
150,"2172, NSW",862.77
151,"2173, NSW",711.80
152,"2174, NSW",614.88
153,"2175, NSW",640.57
154,"2176, NSW",525.14
155,"2177, NSW",475.50
156,"2178, NSW",587.80
157,"2179, NSW",553.07
158,"2190, NSW",428.11
159,"2191, NSW",587.98
160,"2192, NSW",502.80
161,"2193, NSW",712.81
162,"2194, NSW",491.08
163,"2195, NSW",376.83
164,"2196, NSW",450.89
165,"2197, NSW",475.49
166,"2198, NSW",525.56
167,"2199, NSW",455.25
168,"2200, NSW",438.81
169,"2203, NSW",845.67
170,"2204, NSW",787.37
171,"2205, NSW",681.71
172,"2206, NSW",684.73
173,"2207, NSW",609.38
174,"2208, NSW",628.34
175,"2209, NSW",594.60
176,"2210, NSW",617.84
177,"2211, NSW",635.53
178,"2212, NSW",612.90
179,"2213, NSW",671.15
180,"2214, NSW",656.07
181,"2216, NSW",639.77
182,"2217, NSW",677.02
183,"2218, NSW",628.87
184,"2219, NSW",742.57
185,"2220, NSW",556.13
186,"2221, NSW",740.19
187,"2222, NSW",658.54
188,"2223, NSW",797.44
189,"2224, NSW",742.95
190,"2225, NSW",874.75
191,"2226, NSW",810.76
192,"2227, NSW",824.39
193,"2228, NSW",735.28
194,"2229, NSW",816.77
195,"2230, NSW",915.51
196,"2231, NSW",658.31
197,"2232, NSW",784.17
198,"2233, NSW",740.90
199,"2234, NSW",823.94
200,"2250, NSW",629.31
201,"2251, NSW",663.20
202,"2256, NSW",597.78
203,"2257, NSW",598.14
204,"2258, NSW",674.70
205,"2259, NSW",556.25
206,"2260, NSW",753.24
207,"2261, NSW",578.87
208,"2262, NSW",508.90
209,"2263, NSW",506.60
210,"2264, NSW",572.91
211,"2265, NSW",568.21
212,"2267, NSW",627.92
213,"2278, NSW",600.84
214,"2280, NSW",652.55
215,"2281, NSW",612.21
216,"2282, NSW",718.18
217,"2283, NSW",611.42
218,"2284, NSW",597.33
219,"2285, NSW",613.59
220,"2286, NSW",558.73
221,"2287, NSW",609.24
222,"2289, NSW",726.04
223,"2290, NSW",664.80
224,"2291, NSW",899.66
225,"2292, NSW",697.12
226,"2293, NSW",825.72
227,"2294, NSW",731.71
228,"2295, NSW",624.60
229,"2296, NSW",749.42
230,"2297, NSW",636.60
231,"2298, NSW",587.53
232,"2299, NSW",587.78
233,"2300, NSW",963.16
234,"2302, NSW",811.73
235,"2303, NSW",748.37
236,"2304, NSW",612.77
237,"2305, NSW",752.57
238,"2306, NSW",354.54
239,"2307, NSW",523.91
240,"2308, NSW",209.50
241,"2311, NSW",528.63
242,"2312, NSW",464.68
243,"2314, NSW",770.07
244,"2315, NSW",597.44
245,"2316, NSW",562.98
246,"2317, NSW",575.30
247,"2318, NSW",609.95
248,"2319, NSW",508.20
249,"2320, NSW",630.08
250,"2321, NSW",646.86
251,"2322, NSW",587.65
252,"2323, NSW",611.99
253,"2324, NSW",540.71
254,"2325, NSW",512.92
255,"2326, NSW",500.11
256,"2327, NSW",497.45
257,"2328, NSW",612.78
258,"2329, NSW",505.87
259,"2330, NSW",677.24
260,"2331, NSW",1027.52
261,"2333, NSW",615.84
262,"2334, NSW",572.80
263,"2335, NSW",676.02
264,"2336, NSW",626.43
265,"2337, NSW",634.45
266,"2338, NSW",524.06
267,"2339, NSW",495.09
268,"2340, NSW",580.04
269,"2341, NSW",459.35
270,"2342, NSW",569.57
271,"2343, NSW",540.18
272,"2344, NSW",607.47
273,"2345, NSW",593.23
274,"2346, NSW",455.60
275,"2347, NSW",435.95
276,"2350, NSW",592.15
277,"2351, NSW",174.39
278,"2352, NSW",553.04
279,"2353, NSW",507.07
280,"2354, NSW",538.06
281,"2355, NSW",434.38
282,"2356, NSW",414.38
283,"2357, NSW",466.41
284,"2358, NSW",516.64
285,"2359, NSW",398.64
286,"2360, NSW",486.11
287,"2361, NSW",387.73
288,"2365, NSW",490.87
289,"2369, NSW",406.26
290,"2370, NSW",458.37
291,"2371, NSW",399.91
292,"2372, NSW",464.07
293,"2379, NSW",585.13
294,"2380, NSW",614.68
295,"2381, NSW",529.10
296,"2382, NSW",555.26
297,"2386, NSW",503.37
298,"2387, NSW",622.86
299,"2388, NSW",490.51
300,"2390, NSW",580.77
301,"2395, NSW",428.14
302,"2396, NSW",463.41
303,"2397, NSW",588.22
304,"2398, NSW",502.12
305,"2399, NSW",539.30
306,"2400, NSW",571.13
307,"2401, NSW",545.48
308,"2402, NSW",468.28
309,"2403, NSW",414.62
310,"2404, NSW",440.36
311,"2405, NSW",612.50
312,"2408, NSW",666.40
313,"2409, NSW",358.28
314,"2410, NSW",456.94
315,"2411, NSW",392.77
316,"2415, NSW",481.79
317,"2420, NSW",540.09
318,"2421, NSW",654.86
319,"2422, NSW",495.06
320,"2423, NSW",465.28
321,"2424, NSW",407.52
322,"2425, NSW",573.23
323,"2426, NSW",418.32
324,"2427, NSW",503.19
325,"2428, NSW",501.68
326,"2429, NSW",465.89
327,"2430, NSW",489.79
328,"2431, NSW",519.69
329,"2439, NSW",484.95
330,"2440, NSW",429.26
331,"2441, NSW",467.26
332,"2443, NSW",482.26
333,"2444, NSW",582.93
334,"2445, NSW",570.56
335,"2446, NSW",507.83
336,"2447, NSW",475.82
337,"2448, NSW",486.36
338,"2449, NSW",427.73
339,"2450, NSW",553.46
340,"2452, NSW",527.54
341,"2453, NSW",472.73
342,"2454, NSW",522.04
343,"2455, NSW",548.09
344,"2456, NSW",527.57
345,"2460, NSW",481.16
346,"2462, NSW",462.25
347,"2463, NSW",483.07
348,"2464, NSW",553.32
349,"2465, NSW",437.76
350,"2466, NSW",441.48
351,"2469, NSW",421.01
352,"2470, NSW",458.60
353,"2471, NSW",442.59
354,"2472, NSW",480.00
355,"2473, NSW",523.04
356,"2474, NSW",462.93
357,"2475, NSW",341.71
358,"2476, NSW",469.65
359,"2477, NSW",573.85
360,"2478, NSW",605.15
361,"2479, NSW",647.30
362,"2480, NSW",527.89
363,"2481, NSW",611.66
364,"2482, NSW",469.34
365,"2483, NSW",532.17
366,"2484, NSW",487.32
367,"2485, NSW",533.64
368,"2486, NSW",542.80
369,"2487, NSW",625.62
370,"2488, NSW",567.93
371,"2489, NSW",531.12
372,"2490, NSW",573.01
373,"2500, NSW",641.52
374,"2502, NSW",443.86
375,"2505, NSW",531.36
376,"2506, NSW",498.88
377,"2508, NSW",752.09
378,"2515, NSW",819.65
379,"2516, NSW",744.83
380,"2517, NSW",684.74
381,"2518, NSW",616.56
382,"2519, NSW",651.15
383,"2522, NSW",209.58
384,"2525, NSW",671.68
385,"2526, NSW",651.19
386,"2527, NSW",578.59
387,"2528, NSW",513.58
388,"2529, NSW",639.39
389,"2530, NSW",579.00
390,"2533, NSW",714.64
391,"2534, NSW",684.55
392,"2535, NSW",658.05
393,"2536, NSW",508.00
394,"2537, NSW",548.71
395,"2538, NSW",520.53
396,"2539, NSW",511.63
397,"2541, NSW",498.80
398,"2545, NSW",525.94
399,"2546, NSW",506.09
400,"2548, NSW",586.20
401,"2549, NSW",535.92
402,"2550, NSW",532.11
403,"2551, NSW",474.89
404,"2555, NSW",454.59
405,"2556, NSW",594.00
406,"2557, NSW",645.19
407,"2558, NSW",597.41
408,"2559, NSW",273.14
409,"2560, NSW",560.84
410,"2563, NSW",548.11
411,"2564, NSW",466.27
412,"2565, NSW",587.70
413,"2566, NSW",554.53
414,"2567, NSW",680.40
415,"2568, NSW",702.27
416,"2569, NSW",680.90
417,"2570, NSW",705.56
418,"2571, NSW",712.16
419,"2572, NSW",607.26
420,"2573, NSW",560.59
421,"2574, NSW",600.15
422,"2575, NSW",609.54
423,"2576, NSW",741.11
424,"2577, NSW",630.14
425,"2578, NSW",621.64
426,"2579, NSW",610.80
427,"2580, NSW",581.61
428,"2581, NSW",719.90
429,"2582, NSW",759.89
430,"2583, NSW",550.03
431,"2584, NSW",589.87
432,"2585, NSW",461.39
433,"2586, NSW",564.60
434,"2587, NSW",521.61
435,"2588, NSW",799.23
436,"2590, NSW",528.95
437,"2594, NSW",505.71
438,"2619, NSW",990.02
439,"2621, NSW",873.30
440,"2622, NSW",596.58
441,"2623, NSW",651.67
442,"2625, NSW",635.71
443,"2626, NSW",650.84
444,"2627, NSW",697.62
445,"2628, NSW",580.26
446,"2629, NSW",574.76
447,"2630, NSW",582.09
448,"2631, NSW",614.87
449,"2632, NSW",548.23
450,"2633, NSW",551.51
451,"2640, NSW",633.99
452,"2641, NSW",500.16
453,"2642, NSW",565.81
454,"2643, NSW",515.00
455,"2644, NSW",564.23
456,"2645, NSW",505.06
457,"2646, NSW",541.15
458,"2647, NSW",523.73
459,"2648, NSW",500.83
460,"2649, NSW",136.29
461,"2650, NSW",629.40
462,"2651, NSW",598.52
463,"2652, NSW",576.85
464,"2653, NSW",521.09
465,"2655, NSW",520.81
466,"2656, NSW",561.98
467,"2658, NSW",481.31
468,"2659, NSW",493.17
469,"2660, NSW",512.11
470,"2661, NSW",734.66
471,"2663, NSW",438.43
472,"2665, NSW",506.03
473,"2666, NSW",536.48
474,"2668, NSW",442.18
475,"2669, NSW",542.94
476,"2671, NSW",549.38
477,"2672, NSW",444.34
478,"2675, NSW",583.33
479,"2678, NSW",274.55
480,"2680, NSW",550.58
481,"2681, NSW",536.01
482,"2700, NSW",494.11
483,"2701, NSW",553.08
484,"2702, NSW",451.73
485,"2703, NSW",327.68
486,"2705, NSW",534.81
487,"2706, NSW",505.78
488,"2707, NSW",594.72
489,"2710, NSW",538.86
490,"2711, NSW",548.88
491,"2712, NSW",493.81
492,"2713, NSW",500.85
493,"2714, NSW",500.83
494,"2715, NSW",490.63
495,"2716, NSW",534.48
496,"2717, NSW",413.92
497,"2720, NSW",554.95
498,"2721, NSW",469.77
499,"2722, NSW",527.84
500,"2725, NSW",542.23
501,"2726, NSW",693.49
502,"2727, NSW",556.82
503,"2729, NSW",570.62
504,"2730, NSW",521.14
505,"2731, NSW",574.12
506,"2732, NSW",533.74
507,"2733, NSW",485.03
508,"2734, NSW",587.28
509,"2735, NSW",360.71
510,"2736, NSW",484.80
511,"2737, NSW",455.93
512,"2738, NSW",641.35
513,"2739, NSW",559.27
514,"2745, NSW",719.07
515,"2747, NSW",607.11
516,"2748, NSW",714.08
517,"2749, NSW",650.50
518,"2750, NSW",644.63
519,"2752, NSW",660.95
520,"2753, NSW",625.49
521,"2754, NSW",645.32
522,"2755, NSW",777.40
523,"2756, NSW",648.94
524,"2757, NSW",717.60
525,"2758, NSW",708.46
526,"2759, NSW",635.61
527,"2760, NSW",523.33
528,"2761, NSW",565.49
529,"2762, NSW",674.98
530,"2763, NSW",665.15
531,"2765, NSW",587.94
532,"2766, NSW",546.55
533,"2767, NSW",571.98
534,"2768, NSW",704.78
535,"2769, NSW",782.20
536,"2770, NSW",423.78
537,"2773, NSW",832.49
538,"2774, NSW",760.26
539,"2775, NSW",532.59
540,"2776, NSW",724.17
541,"2777, NSW",723.64
542,"2778, NSW",712.03
543,"2779, NSW",627.89
544,"2780, NSW",607.12
545,"2782, NSW",666.20
546,"2783, NSW",626.58
547,"2784, NSW",617.84
548,"2785, NSW",625.66
549,"2786, NSW",561.80
550,"2787, NSW",534.09
551,"2790, NSW",550.06
552,"2791, NSW",595.42
553,"2792, NSW",587.02
554,"2793, NSW",490.51
555,"2794, NSW",506.60
556,"2795, NSW",589.75
557,"2797, NSW",579.86
558,"2798, NSW",672.43
559,"2799, NSW",545.55
560,"2800, NSW",631.94
561,"2803, NSW",601.90
562,"2804, NSW",525.51
563,"2805, NSW",452.46
564,"2806, NSW",530.35
565,"2807, NSW",432.98
566,"2808, NSW",470.20
567,"2809, NSW",444.04
568,"2810, NSW",525.54
569,"2817, NSW",617.70
570,"2818, NSW",599.42
571,"2820, NSW",422.62
572,"2821, NSW",514.10
573,"2822, NSW",548.12
574,"2823, NSW",547.27
575,"2824, NSW",546.06
576,"2825, NSW",597.44
577,"2826, NSW",720.18
578,"2827, NSW",493.35
579,"2828, NSW",478.82
580,"2829, NSW",464.16
581,"2830, NSW",605.51
582,"2831, NSW",514.52
583,"2832, NSW",453.58
584,"2833, NSW",461.05
585,"2834, NSW",406.54
586,"2835, NSW",690.20
587,"2836, NSW",428.51
588,"2838, NSW",438.58
589,"2839, NSW",413.99
590,"2840, NSW",492.39
591,"2842, NSW",482.35
592,"2843, NSW",503.44
593,"2844, NSW",440.60
594,"2845, NSW",523.74
595,"2846, NSW",357.13
596,"2847, NSW",515.94
597,"2848, NSW",405.20
598,"2849, NSW",505.32
599,"2850, NSW",596.27
600,"2852, NSW",507.13
601,"2864, NSW",563.07
602,"2865, NSW",546.95
603,"2866, NSW",540.42
604,"2867, NSW",499.33
605,"2868, NSW",494.49
606,"2869, NSW",458.70
607,"2870, NSW",544.74
608,"2871, NSW",514.45
609,"2873, NSW",529.12
610,"2874, NSW",461.58
611,"2875, NSW",509.37
612,"2876, NSW",395.01
613,"2877, NSW",510.46
614,"2878, NSW",500.27
615,"2879, NSW",424.69
616,"2880, NSW",564.69
617,"2898, NSW",685.17
618,"3000, VIC",584.41
619,"3002, VIC",1258.54
620,"3003, VIC",801.73
621,"3004, VIC",1100.82
622,"3005, VIC",851.43
623,"3006, VIC",955.81
624,"3008, VIC",925.66
625,"3010, VIC",241.72
626,"3011, VIC",695.39
627,"3012, VIC",669.38
628,"3013, VIC",868.81
629,"3015, VIC",862.09
630,"3016, VIC",879.51
631,"3018, VIC",731.72
632,"3019, VIC",433.12
633,"3020, VIC",462.25
634,"3021, VIC",411.30
635,"3022, VIC",484.55
636,"3023, VIC",520.46
637,"3024, VIC",529.02
638,"3025, VIC",556.39
639,"3026, VIC",538.89
640,"3027, VIC",689.05
641,"3028, VIC",572.06
642,"3029, VIC",524.67
643,"3030, VIC",608.59
644,"3031, VIC",810.57
645,"3032, VIC",784.21
646,"3033, VIC",644.72
647,"3034, VIC",597.00
648,"3036, VIC",722.93
649,"3037, VIC",549.68
650,"3038, VIC",609.01
651,"3039, VIC",854.68
652,"3040, VIC",837.10
653,"3041, VIC",793.52
654,"3042, VIC",686.32
655,"3043, VIC",576.37
656,"3044, VIC",693.22
657,"3045, VIC",402.50
658,"3046, VIC",560.80
659,"3047, VIC",341.38
660,"3048, VIC",350.65
661,"3049, VIC",610.17
662,"3050, VIC",277.31
663,"3051, VIC",678.92
664,"3052, VIC",745.42
665,"3053, VIC",522.40
666,"3054, VIC",985.23
667,"3055, VIC",763.90
668,"3056, VIC",845.22
669,"3057, VIC",887.65
670,"3058, VIC",688.33
671,"3059, VIC",643.54
672,"3060, VIC",446.28
673,"3061, VIC",354.32
674,"3062, VIC",nan
675,"3063, VIC",666.16
676,"3064, VIC",469.75
677,"3065, VIC",886.44
678,"3066, VIC",865.37
679,"3067, VIC",1004.69
680,"3068, VIC",979.86
681,"3070, VIC",859.83
682,"3071, VIC",756.87
683,"3072, VIC",637.98
684,"3073, VIC",548.27
685,"3074, VIC",435.09
686,"3075, VIC",450.24
687,"3076, VIC",504.22
688,"3078, VIC",875.62
689,"3079, VIC",908.81
690,"3081, VIC",547.76
691,"3082, VIC",570.55
692,"3083, VIC",554.29
693,"3084, VIC",786.72
694,"3085, VIC",732.13
695,"3086, VIC",173.65
696,"3087, VIC",671.72
697,"3088, VIC",716.08
698,"3089, VIC",742.49
699,"3090, VIC",804.19
700,"3091, VIC",747.87
701,"3093, VIC",825.58
702,"3094, VIC",755.35
703,"3095, VIC",799.12
704,"3096, VIC",660.86
705,"3097, VIC",811.38
706,"3099, VIC",690.42
707,"3101, VIC",949.16
708,"3102, VIC",854.09
709,"3103, VIC",820.20
710,"3104, VIC",778.73
711,"3105, VIC",698.66
712,"3106, VIC",762.40
713,"3107, VIC",692.57
714,"3108, VIC",664.03
715,"3109, VIC",648.88
716,"3111, VIC",738.08
717,"3113, VIC",814.16
718,"3114, VIC",850.90
719,"3115, VIC",816.35
720,"3116, VIC",661.87
721,"3121, VIC",1035.11
722,"3122, VIC",963.95
723,"3123, VIC",968.74
724,"3124, VIC",917.11
725,"3125, VIC",581.99
726,"3126, VIC",970.32
727,"3127, VIC",927.73
728,"3128, VIC",623.51
729,"3129, VIC",692.46
730,"3130, VIC",714.05
731,"3131, VIC",658.71
732,"3132, VIC",739.15
733,"3133, VIC",682.75
734,"3134, VIC",698.39
735,"3135, VIC",695.63
736,"3136, VIC",664.74
737,"3137, VIC",614.62
738,"3138, VIC",624.65
739,"3139, VIC",577.77
740,"3140, VIC",624.63
741,"3141, VIC",1071.55
742,"3142, VIC",1215.89
743,"3143, VIC",1036.62
744,"3144, VIC",1070.14
745,"3145, VIC",854.35
746,"3146, VIC",955.67
747,"3147, VIC",776.09
748,"3148, VIC",665.16
749,"3149, VIC",706.54
750,"3150, VIC",670.54
751,"3151, VIC",610.70
752,"3152, VIC",660.20
753,"3153, VIC",597.89
754,"3154, VIC",632.11
755,"3155, VIC",606.87
756,"3156, VIC",653.20
757,"3158, VIC",696.72
758,"3159, VIC",658.40
759,"3160, VIC",678.04
760,"3161, VIC",913.73
761,"3162, VIC",842.10
762,"3163, VIC",767.70
763,"3165, VIC",716.02
764,"3166, VIC",672.54
765,"3167, VIC",631.93
766,"3168, VIC",468.31
767,"3169, VIC",524.83
768,"3170, VIC",623.18
769,"3171, VIC",414.23
770,"3172, VIC",541.05
771,"3173, VIC",548.18
772,"3174, VIC",466.45
773,"3175, VIC",442.42
774,"3177, VIC",406.45
775,"3178, VIC",679.90
776,"3179, VIC",603.25
777,"3180, VIC",624.46
778,"3181, VIC",1008.97
779,"3182, VIC",949.67
780,"3183, VIC",874.68
781,"3184, VIC",1045.28
782,"3185, VIC",899.38
783,"3186, VIC",1057.36
784,"3187, VIC",875.91
785,"3188, VIC",875.32
786,"3189, VIC",684.05
787,"3190, VIC",771.33
788,"3191, VIC",940.57
789,"3192, VIC",719.20
790,"3193, VIC",924.36
791,"3194, VIC",784.67
792,"3195, VIC",754.39
793,"3196, VIC",688.73
794,"3197, VIC",727.81
795,"3198, VIC",606.60
796,"3199, VIC",606.16
797,"3200, VIC",416.93
798,"3201, VIC",542.97
799,"3202, VIC",666.61
800,"3204, VIC",775.10
801,"3205, VIC",1012.70
802,"3206, VIC",1119.10
803,"3207, VIC",1116.69
804,"3211, VIC",613.21
805,"3212, VIC",584.01
806,"3213, VIC",619.38
807,"3214, VIC",400.21
808,"3215, VIC",575.94
809,"3216, VIC",627.77
810,"3217, VIC",663.41
811,"3218, VIC",688.09
812,"3219, VIC",543.73
813,"3220, VIC",783.13
814,"3221, VIC",759.45
815,"3222, VIC",575.96
816,"3223, VIC",535.62
817,"3224, VIC",578.87
818,"3225, VIC",713.56
819,"3226, VIC",661.22
820,"3227, VIC",739.26
821,"3228, VIC",713.24
822,"3230, VIC",685.31
823,"3231, VIC",716.79
824,"3232, VIC",684.45
825,"3233, VIC",561.30
826,"3234, VIC",805.59
827,"3235, VIC",634.74
828,"3236, VIC",495.43
829,"3237, VIC",636.01
830,"3238, VIC",591.10
831,"3239, VIC",505.08
832,"3240, VIC",649.09
833,"3241, VIC",525.15
834,"3242, VIC",582.49
835,"3243, VIC",584.59
836,"3249, VIC",537.45
837,"3250, VIC",532.64
838,"3251, VIC",532.18
839,"3254, VIC",542.92
840,"3260, VIC",540.13
841,"3264, VIC",493.11
842,"3265, VIC",565.49
843,"3266, VIC",543.73
844,"3267, VIC",473.88
845,"3268, VIC",589.24
846,"3269, VIC",604.53
847,"3270, VIC",597.01
848,"3271, VIC",587.31
849,"3272, VIC",494.81
850,"3273, VIC",499.83
851,"3274, VIC",571.49
852,"3275, VIC",568.78
853,"3276, VIC",520.51
854,"3277, VIC",604.59
855,"3278, VIC",581.35
856,"3279, VIC",503.61
857,"3280, VIC",576.50
858,"3281, VIC",600.24
859,"3282, VIC",574.96
860,"3283, VIC",568.04
861,"3284, VIC",586.71
862,"3285, VIC",579.50
863,"3286, VIC",493.75
864,"3287, VIC",569.21
865,"3289, VIC",529.69
866,"3292, VIC",549.06
867,"3293, VIC",494.29
868,"3294, VIC",557.99
869,"3300, VIC",560.71
870,"3301, VIC",650.45
871,"3302, VIC",575.81
872,"3303, VIC",595.86
873,"3304, VIC",535.07
874,"3305, VIC",569.78
875,"3309, VIC",295.63
876,"3310, VIC",442.10
877,"3311, VIC",461.04
878,"3312, VIC",500.85
879,"3314, VIC",626.00
880,"3315, VIC",510.37
881,"3317, VIC",601.52
882,"3318, VIC",530.59
883,"3319, VIC",630.51
884,"3321, VIC",636.70
885,"3322, VIC",449.01
886,"3323, VIC",482.95
887,"3324, VIC",493.97
888,"3325, VIC",508.33
889,"3328, VIC",597.62
890,"3329, VIC",501.67
891,"3330, VIC",513.29
892,"3331, VIC",581.40
893,"3332, VIC",534.43
894,"3333, VIC",576.06
895,"3334, VIC",546.51
896,"3335, VIC",571.31
897,"3337, VIC",505.21
898,"3338, VIC",521.90
899,"3340, VIC",602.35
900,"3341, VIC",646.61
901,"3342, VIC",587.25
902,"3345, VIC",606.26
903,"3350, VIC",616.45
904,"3351, VIC",532.81
905,"3352, VIC",574.36
906,"3355, VIC",486.56
907,"3356, VIC",479.03
908,"3357, VIC",650.66
909,"3360, VIC",492.97
910,"3361, VIC",448.75
911,"3363, VIC",506.41
912,"3364, VIC",550.72
913,"3370, VIC",463.41
914,"3371, VIC",469.32
915,"3373, VIC",485.93
916,"3374, VIC",569.05
917,"3375, VIC",420.15
918,"3377, VIC",510.33
919,"3378, VIC",448.15
920,"3379, VIC",545.85
921,"3380, VIC",524.77
922,"3381, VIC",573.47
923,"3384, VIC",484.55
924,"3385, VIC",532.98
925,"3387, VIC",457.94
926,"3388, VIC",525.22
927,"3390, VIC",512.45
928,"3391, VIC",573.11
929,"3392, VIC",444.88
930,"3393, VIC",500.85
931,"3395, VIC",540.10
932,"3396, VIC",461.38
933,"3400, VIC",569.26
934,"3401, VIC",577.37
935,"3407, VIC",545.20
936,"3409, VIC",578.76
937,"3412, VIC",514.13
938,"3413, VIC",661.82
939,"3414, VIC",508.63
940,"3415, VIC",603.12
941,"3418, VIC",535.29
942,"3419, VIC",579.59
943,"3420, VIC",542.78
944,"3423, VIC",431.93
945,"3424, VIC",515.08
946,"3427, VIC",610.75
947,"3428, VIC",548.68
948,"3429, VIC",635.34
949,"3430, VIC",709.55
950,"3431, VIC",714.97
951,"3432, VIC",709.18
952,"3433, VIC",634.95
953,"3434, VIC",618.63
954,"3435, VIC",621.17
955,"3437, VIC",714.72
956,"3438, VIC",711.93
957,"3440, VIC",721.35
958,"3441, VIC",889.10
959,"3442, VIC",706.64
960,"3444, VIC",604.31
961,"3446, VIC",574.98
962,"3447, VIC",566.13
963,"3448, VIC",598.92
964,"3450, VIC",559.29
965,"3451, VIC",492.02
966,"3453, VIC",599.36
967,"3458, VIC",606.96
968,"3460, VIC",580.44
969,"3461, VIC",564.68
970,"3462, VIC",482.44
971,"3463, VIC",528.65
972,"3464, VIC",449.60
973,"3465, VIC",442.64
974,"3467, VIC",421.22
975,"3468, VIC",427.82
976,"3469, VIC",461.60
977,"3472, VIC",412.15
978,"3475, VIC",395.76
979,"3477, VIC",493.57
980,"3478, VIC",472.92
981,"3480, VIC",438.48
982,"3482, VIC",383.43
983,"3483, VIC",506.14
984,"3485, VIC",477.40
985,"3487, VIC",462.76
986,"3488, VIC",523.18
987,"3489, VIC",478.30
988,"3490, VIC",507.19
989,"3491, VIC",362.41
990,"3494, VIC",517.59
991,"3496, VIC",483.01
992,"3498, VIC",557.50
993,"3500, VIC",511.55
994,"3501, VIC",605.20
995,"3505, VIC",487.85
996,"3506, VIC",617.57
997,"3507, VIC",457.01
998,"3509, VIC",624.78
999,"3512, VIC",539.96
1000,"3515, VIC",533.34
1001,"3516, VIC",513.26
1002,"3517, VIC",450.23
1003,"3518, VIC",409.33
1004,"3520, VIC",319.69
1005,"3521, VIC",518.48
1006,"3522, VIC",546.18
1007,"3523, VIC",477.22
1008,"3525, VIC",443.07
1009,"3527, VIC",434.11
1010,"3529, VIC",456.04
1011,"3530, VIC",552.00
1012,"3531, VIC",392.28
1013,"3533, VIC",468.55
1014,"3537, VIC",475.58
1015,"3540, VIC",454.37
1016,"3542, VIC",423.39
1017,"3544, VIC",447.89
1018,"3546, VIC",538.09
1019,"3549, VIC",428.74
1020,"3550, VIC",592.24
1021,"3551, VIC",611.70
1022,"3555, VIC",526.65
1023,"3556, VIC",472.92
1024,"3557, VIC",541.78
1025,"3558, VIC",505.51
1026,"3559, VIC",482.25
1027,"3561, VIC",527.65
1028,"3562, VIC",440.11
1029,"3563, VIC",543.25
1030,"3564, VIC",555.72
1031,"3565, VIC",398.83
1032,"3566, VIC",423.29
1033,"3567, VIC",439.30
1034,"3568, VIC",522.23
1035,"3570, VIC",474.87
1036,"3571, VIC",397.26
1037,"3572, VIC",537.25
1038,"3573, VIC",382.63
1039,"3575, VIC",440.12
1040,"3576, VIC",376.39
1041,"3579, VIC",488.33
1042,"3580, VIC",462.50
1043,"3581, VIC",539.26
1044,"3583, VIC",388.46
1045,"3584, VIC",458.17
1046,"3585, VIC",523.21
1047,"3586, VIC",499.00
1048,"3588, VIC",528.97
1049,"3589, VIC",465.13
1050,"3590, VIC",434.25
1051,"3591, VIC",587.65
1052,"3594, VIC",438.19
1053,"3595, VIC",349.21
1054,"3596, VIC",618.75
1055,"3597, VIC",571.00
1056,"3599, VIC",409.21
1057,"3607, VIC",535.66
1058,"3608, VIC",565.59
1059,"3610, VIC",408.61
1060,"3612, VIC",489.58
1061,"3614, VIC",610.37
1062,"3616, VIC",541.48
1063,"3617, VIC",436.20
1064,"3618, VIC",481.85
1065,"3620, VIC",512.00
1066,"3621, VIC",502.45
1067,"3622, VIC",531.14
1068,"3623, VIC",486.07
1069,"3624, VIC",521.42
1070,"3629, VIC",500.25
1071,"3630, VIC",502.72
1072,"3631, VIC",627.56
1073,"3633, VIC",557.37
1074,"3634, VIC",552.47
1075,"3635, VIC",600.00
1076,"3636, VIC",520.19
1077,"3637, VIC",552.95
1078,"3638, VIC",540.92
1079,"3639, VIC",440.79
1080,"3640, VIC",506.65
1081,"3641, VIC",462.63
1082,"3646, VIC",549.02
1083,"3647, VIC",402.50
1084,"3649, VIC",466.53
1085,"3658, VIC",542.70
1086,"3659, VIC",635.05
1087,"3660, VIC",514.68
1088,"3662, VIC",727.02
1089,"3663, VIC",566.39
1090,"3664, VIC",594.12
1091,"3665, VIC",523.81
1092,"3666, VIC",523.88
1093,"3669, VIC",506.97
1094,"3670, VIC",555.78
1095,"3672, VIC",537.50
1096,"3673, VIC",553.05
1097,"3675, VIC",586.69
1098,"3677, VIC",534.24
1099,"3678, VIC",608.39
1100,"3682, VIC",522.85
1101,"3683, VIC",546.82
1102,"3685, VIC",582.90
1103,"3687, VIC",567.30
1104,"3688, VIC",600.85
1105,"3690, VIC",567.67
1106,"3694, VIC",751.90
1107,"3695, VIC",635.96
1108,"3697, VIC",578.17
1109,"3698, VIC",660.32
1110,"3699, VIC",541.97
1111,"3700, VIC",554.46
1112,"3701, VIC",555.74
1113,"3704, VIC",452.50
1114,"3705, VIC",480.65
1115,"3708, VIC",511.21
1116,"3709, VIC",554.49
1117,"3711, VIC",584.94
1118,"3712, VIC",587.11
1119,"3713, VIC",462.72
1120,"3714, VIC",549.94
1121,"3715, VIC",507.87
1122,"3717, VIC",569.34
1123,"3718, VIC",544.10
1124,"3719, VIC",643.13
1125,"3720, VIC",503.25
1126,"3722, VIC",566.03
1127,"3723, VIC",532.83
1128,"3725, VIC",529.32
1129,"3726, VIC",469.43
1130,"3727, VIC",357.21
1131,"3728, VIC",501.85
1132,"3730, VIC",509.36
1133,"3732, VIC",553.40
1134,"3733, VIC",559.47
1135,"3735, VIC",575.99
1136,"3737, VIC",531.82
1137,"3738, VIC",410.70
1138,"3739, VIC",587.79
1139,"3740, VIC",532.21
1140,"3741, VIC",551.71
1141,"3744, VIC",543.43
1142,"3746, VIC",479.16
1143,"3747, VIC",579.66
1144,"3749, VIC",662.76
1145,"3750, VIC",519.05
1146,"3751, VIC",582.54
1147,"3752, VIC",584.17
1148,"3753, VIC",580.75
1149,"3754, VIC",601.72
1150,"3755, VIC",628.98
1151,"3756, VIC",566.72
1152,"3757, VIC",584.60
1153,"3758, VIC",604.58
1154,"3759, VIC",766.24
1155,"3760, VIC",749.46
1156,"3761, VIC",667.30
1157,"3762, VIC",791.22
1158,"3763, VIC",562.71
1159,"3764, VIC",569.54
1160,"3765, VIC",632.51
1161,"3766, VIC",709.54
1162,"3767, VIC",710.57
1163,"3770, VIC",625.11
1164,"3775, VIC",646.65
1165,"3777, VIC",579.34
1166,"3778, VIC",565.58
1167,"3779, VIC",548.73
1168,"3781, VIC",572.95
1169,"3782, VIC",656.28
1170,"3783, VIC",604.34
1171,"3785, VIC",828.57
1172,"3786, VIC",732.80
1173,"3787, VIC",749.15
1174,"3788, VIC",727.65
1175,"3789, VIC",819.72
1176,"3791, VIC",744.31
1177,"3792, VIC",678.05
1178,"3793, VIC",588.94
1179,"3795, VIC",621.98
1180,"3796, VIC",612.53
1181,"3797, VIC",531.10
1182,"3799, VIC",479.88
1183,"3800, VIC",209.06
1184,"3802, VIC",541.58
1185,"3803, VIC",478.46
1186,"3804, VIC",676.05
1187,"3805, VIC",544.43
1188,"3806, VIC",648.75
1189,"3807, VIC",687.99
1190,"3808, VIC",726.25
1191,"3809, VIC",669.36
1192,"3810, VIC",535.62
1193,"3812, VIC",635.04
1194,"3813, VIC",551.95
1195,"3814, VIC",545.80
1196,"3815, VIC",583.62
1197,"3816, VIC",505.25
1198,"3818, VIC",531.66
1199,"3820, VIC",601.23
1200,"3821, VIC",599.62
1201,"3822, VIC",551.17
1202,"3823, VIC",605.82
1203,"3824, VIC",581.30
1204,"3825, VIC",524.92
1205,"3831, VIC",576.28
1206,"3832, VIC",475.40
1207,"3833, VIC",494.82
1208,"3835, VIC",473.46
1209,"3840, VIC",515.09
1210,"3842, VIC",494.61
1211,"3844, VIC",630.50
1212,"3847, VIC",585.10
1213,"3850, VIC",611.75
1214,"3851, VIC",478.73
1215,"3852, VIC",687.77
1216,"3854, VIC",677.77
1217,"3856, VIC",640.15
1218,"3857, VIC",594.29
1219,"3858, VIC",531.63
1220,"3859, VIC",572.39
1221,"3860, VIC",562.53
1222,"3862, VIC",549.82
1223,"3864, VIC",543.35
1224,"3865, VIC",554.72
1225,"3869, VIC",642.81
1226,"3870, VIC",582.91
1227,"3871, VIC",525.72
1228,"3873, VIC",581.66
1229,"3874, VIC",567.79
1230,"3875, VIC",514.69
1231,"3878, VIC",594.06
1232,"3880, VIC",527.46
1233,"3882, VIC",543.30
1234,"3885, VIC",480.39
1235,"3886, VIC",443.61
1236,"3887, VIC",396.86
1237,"3888, VIC",465.00
1238,"3889, VIC",287.57
1239,"3890, VIC",410.73
1240,"3891, VIC",541.35
1241,"3892, VIC",520.83
1242,"3893, VIC",209.09
1243,"3895, VIC",569.33
1244,"3896, VIC",498.58
1245,"3898, VIC",474.05
1246,"3900, VIC",416.06
1247,"3902, VIC",512.68
1248,"3903, VIC",510.39
1249,"3904, VIC",574.02
1250,"3909, VIC",477.91
1251,"3910, VIC",637.73
1252,"3911, VIC",619.26
1253,"3912, VIC",606.25
1254,"3913, VIC",648.87
1255,"3915, VIC",512.33
1256,"3916, VIC",810.85
1257,"3918, VIC",593.55
1258,"3919, VIC",518.94
1259,"3920, VIC",832.74
1260,"3921, VIC",399.34
1261,"3922, VIC",515.21
1262,"3923, VIC",575.19
1263,"3925, VIC",577.09
1264,"3926, VIC",721.52
1265,"3927, VIC",733.54
1266,"3928, VIC",828.69
1267,"3929, VIC",914.90
1268,"3930, VIC",795.56
1269,"3931, VIC",644.19
1270,"3933, VIC",722.46
1271,"3934, VIC",709.16
1272,"3936, VIC",615.68
1273,"3937, VIC",769.78
1274,"3938, VIC",663.27
1275,"3939, VIC",537.81
1276,"3940, VIC",472.59
1277,"3941, VIC",546.33
1278,"3942, VIC",652.77
1279,"3943, VIC",821.33
1280,"3944, VIC",1281.23
1281,"3945, VIC",633.94
1282,"3946, VIC",557.29
1283,"3950, VIC",515.46
1284,"3951, VIC",497.69
1285,"3953, VIC",555.79
1286,"3954, VIC",609.72
1287,"3956, VIC",488.64
1288,"3957, VIC",490.95
1289,"3958, VIC",520.31
1290,"3959, VIC",515.65
1291,"3960, VIC",528.86
1292,"3962, VIC",522.10
1293,"3964, VIC",533.27
1294,"3965, VIC",462.86
1295,"3966, VIC",548.87
1296,"3967, VIC",520.87
1297,"3971, VIC",507.04
1298,"3975, VIC",554.37
1299,"3976, VIC",442.75
1300,"3977, VIC",544.96
1301,"3978, VIC",614.40
1302,"3979, VIC",463.25
1303,"3980, VIC",570.88
1304,"3981, VIC",529.41
1305,"3984, VIC",506.36
1306,"3987, VIC",536.13
1307,"3988, VIC",546.55
1308,"3990, VIC",693.64
1309,"3991, VIC",478.08
1310,"3992, VIC",519.90
1311,"3995, VIC",471.17
1312,"3996, VIC",594.13
1313,"4000, QLD",834.05
1314,"4005, QLD",1088.67
1315,"4006, QLD",894.02
1316,"4007, QLD",1020.44
1317,"4008, QLD",514.57
1318,"4009, QLD",0.00
1319,"4010, QLD",914.34
1320,"4011, QLD",925.13
1321,"4012, QLD",846.15
1322,"4013, QLD",808.34
1323,"4014, QLD",730.98
1324,"4017, QLD",680.19
1325,"4018, QLD",651.84
1326,"4019, QLD",615.36
1327,"4020, QLD",646.92
1328,"4021, QLD",510.91
1329,"4022, QLD",513.51
1330,"4025, QLD",591.87
1331,"4029, QLD",98.38
1332,"4030, QLD",881.67
1333,"4031, QLD",852.34
1334,"4032, QLD",675.97
1335,"4034, QLD",689.30
1336,"4035, QLD",796.18
1337,"4036, QLD",624.04
1338,"4037, QLD",771.13
1339,"4051, QLD",886.37
1340,"4053, QLD",769.12
1341,"4054, QLD",697.27
1342,"4055, QLD",758.24
1343,"4059, QLD",779.41
1344,"4060, QLD",917.81
1345,"4061, QLD",826.82
1346,"4064, QLD",1026.93
1347,"4065, QLD",981.29
1348,"4066, QLD",883.12
1349,"4067, QLD",661.89
1350,"4068, QLD",841.38
1351,"4069, QLD",890.29
1352,"4070, QLD",759.18
1353,"4072, QLD",156.73
1354,"4073, QLD",815.25
1355,"4074, QLD",765.17
1356,"4075, QLD",801.36
1357,"4076, QLD",317.89
1358,"4077, QLD",417.88
1359,"4078, QLD",611.58
1360,"4101, QLD",837.02
1361,"4102, QLD",710.71
1362,"4103, QLD",767.27
1363,"4104, QLD",852.07
1364,"4105, QLD",776.73
1365,"4106, QLD",602.45
1366,"4107, QLD",660.60
1367,"4108, QLD",532.77
1368,"4109, QLD",544.31
1369,"4110, QLD",525.35
1370,"4111, QLD",554.23
1371,"4112, QLD",606.40
1372,"4113, QLD",588.78
1373,"4114, QLD",380.84
1374,"4115, QLD",632.22
1375,"4116, QLD",589.71
1376,"4117, QLD",552.27
1377,"4118, QLD",556.16
1378,"4119, QLD",601.30
1379,"4120, QLD",832.99
1380,"4121, QLD",811.49
1381,"4122, QLD",667.68
1382,"4123, QLD",663.65
1383,"4124, QLD",573.94
1384,"4125, QLD",569.12
1385,"4127, QLD",586.42
1386,"4128, QLD",691.19
1387,"4129, QLD",578.33
1388,"4130, QLD",727.34
1389,"4131, QLD",473.53
1390,"4132, QLD",418.81
1391,"4133, QLD",528.19
1392,"4151, QLD",894.91
1393,"4152, QLD",819.88
1394,"4153, QLD",784.41
1395,"4154, QLD",822.83
1396,"4155, QLD",824.31
1397,"4156, QLD",803.96
1398,"4157, QLD",656.80
1399,"4158, QLD",666.15
1400,"4159, QLD",678.08
1401,"4160, QLD",758.81
1402,"4161, QLD",626.39
1403,"4163, QLD",716.52
1404,"4164, QLD",710.49
1405,"4165, QLD",662.10
1406,"4169, QLD",949.29
1407,"4170, QLD",895.12
1408,"4171, QLD",1017.69
1409,"4172, QLD",795.31
1410,"4173, QLD",695.32
1411,"4174, QLD",650.35
1412,"4178, QLD",688.02
1413,"4179, QLD",747.08
1414,"4183, QLD",577.67
1415,"4184, QLD",434.23
1416,"4205, QLD",487.81
1417,"4207, QLD",540.58
1418,"4208, QLD",612.80
1419,"4209, QLD",565.75
1420,"4210, QLD",626.13
1421,"4211, QLD",590.25
1422,"4212, QLD",708.15
1423,"4213, QLD",616.89
1424,"4214, QLD",595.67
1425,"4215, QLD",554.24
1426,"4216, QLD",657.77
1427,"4217, QLD",685.22
1428,"4218, QLD",727.68
1429,"4220, QLD",686.20
1430,"4221, QLD",634.92
1431,"4222, QLD",nan
1432,"4223, QLD",629.45
1433,"4224, QLD",624.09
1434,"4225, QLD",638.16
1435,"4226, QLD",627.89
1436,"4227, QLD",608.29
1437,"4228, QLD",639.97
1438,"4229, QLD",144.55
1439,"4230, QLD",683.61
1440,"4270, QLD",622.35
1441,"4271, QLD",591.72
1442,"4272, QLD",607.13
1443,"4275, QLD",606.33
1444,"4280, QLD",574.07
1445,"4285, QLD",532.07
1446,"4287, QLD",420.72
1447,"4300, QLD",593.56
1448,"4301, QLD",469.81
1449,"4303, QLD",387.93
1450,"4304, QLD",518.08
1451,"4305, QLD",544.42
1452,"4306, QLD",639.88
1453,"4307, QLD",586.16
1454,"4309, QLD",514.01
1455,"4310, QLD",544.24
1456,"4311, QLD",462.10
1457,"4312, QLD",471.27
1458,"4313, QLD",455.21
1459,"4340, QLD",526.97
1460,"4341, QLD",496.92
1461,"4342, QLD",457.08
1462,"4343, QLD",478.17
1463,"4344, QLD",533.46
1464,"4345, QLD",138.60
1465,"4346, QLD",607.45
1466,"4347, QLD",510.57
1467,"4350, QLD",602.91
1468,"4352, QLD",635.30
1469,"4353, QLD",559.90
1470,"4354, QLD",492.89
1471,"4355, QLD",474.79
1472,"4356, QLD",544.99
1473,"4357, QLD",493.92
1474,"4358, QLD",564.12
1475,"4359, QLD",583.17
1476,"4360, QLD",574.41
1477,"4361, QLD",508.44
1478,"4362, QLD",513.11
1479,"4363, QLD",550.50
1480,"4364, QLD",643.92
1481,"4365, QLD",406.90
1482,"4370, QLD",496.03
1483,"4371, QLD",475.46
1484,"4372, QLD",438.65
1485,"4373, QLD",451.86
1486,"4374, QLD",526.96
1487,"4376, QLD",396.71
1488,"4378, QLD",455.69
1489,"4381, QLD",471.40
1490,"4382, QLD",462.40
1491,"4384, QLD",323.39
1492,"4387, QLD",479.76
1493,"4388, QLD",348.68
1494,"4390, QLD",580.94
1495,"4400, QLD",556.31
1496,"4401, QLD",519.57
1497,"4402, QLD",495.62
1498,"4403, QLD",548.86
1499,"4404, QLD",589.01
1500,"4405, QLD",568.65
1501,"4406, QLD",482.25
1502,"4407, QLD",595.32
1503,"4408, QLD",487.38
1504,"4410, QLD",508.03
1505,"4411, QLD",565.21
1506,"4412, QLD",580.63
1507,"4413, QLD",580.30
1508,"4415, QLD",558.77
1509,"4416, QLD",638.75
1510,"4417, QLD",556.12
1511,"4418, QLD",418.35
1512,"4419, QLD",768.13
1513,"4420, QLD",614.74
1514,"4421, QLD",382.69
1515,"4422, QLD",511.96
1516,"4423, QLD",589.02
1517,"4424, QLD",519.39
1518,"4425, QLD",551.48
1519,"4426, QLD",594.25
1520,"4427, QLD",534.30
1521,"4428, QLD",622.03
1522,"4454, QLD",642.67
1523,"4455, QLD",658.44
1524,"4461, QLD",497.12
1525,"4462, QLD",448.15
1526,"4465, QLD",545.16
1527,"4467, QLD",591.92
1528,"4468, QLD",671.15
1529,"4470, QLD",586.16
1530,"4472, QLD",521.48
1531,"4474, QLD",368.82
1532,"4475, QLD",nan
1533,"4477, QLD",479.99
1534,"4478, QLD",563.35
1535,"4479, QLD",301.67
1536,"4480, QLD",648.87
1537,"4481, QLD",585.08
1538,"4482, QLD",612.77
1539,"4486, QLD",542.03
1540,"4487, QLD",571.07
1541,"4488, QLD",515.16
1542,"4489, QLD",690.16
1543,"4490, QLD",500.11
1544,"4491, QLD",864.72
1545,"4492, QLD",714.82
1546,"4493, QLD",910.71
1547,"4494, QLD",648.01
1548,"4496, QLD",529.83
1549,"4497, QLD",573.63
1550,"4498, QLD",557.08
1551,"4500, QLD",641.26
1552,"4501, QLD",552.65
1553,"4502, QLD",632.86
1554,"4503, QLD",601.17
1555,"4504, QLD",619.82
1556,"4505, QLD",592.58
1557,"4506, QLD",515.67
1558,"4507, QLD",550.34
1559,"4508, QLD",475.02
1560,"4509, QLD",648.50
1561,"4510, QLD",485.48
1562,"4511, QLD",525.49
1563,"4512, QLD",600.63
1564,"4514, QLD",466.88
1565,"4515, QLD",542.05
1566,"4516, QLD",582.97
1567,"4517, QLD",577.20
1568,"4518, QLD",581.77
1569,"4519, QLD",546.04
1570,"4520, QLD",807.23
1571,"4521, QLD",690.31
1572,"4550, QLD",555.21
1573,"4551, QLD",596.44
1574,"4552, QLD",587.95
1575,"4553, QLD",612.34
1576,"4554, QLD",582.00
1577,"4555, QLD",591.53
1578,"4556, QLD",643.02
1579,"4557, QLD",645.33
1580,"4558, QLD",619.79
1581,"4559, QLD",582.30
1582,"4560, QLD",552.85
1583,"4561, QLD",589.20
1584,"4562, QLD",609.53
1585,"4563, QLD",564.42
1586,"4564, QLD",631.53
1587,"4565, QLD",531.45
1588,"4566, QLD",673.62
1589,"4567, QLD",730.01
1590,"4568, QLD",557.47
1591,"4569, QLD",501.68
1592,"4570, QLD",484.71
1593,"4571, QLD",460.30
1594,"4572, QLD",744.44
1595,"4573, QLD",620.34
1596,"4574, QLD",530.00
1597,"4575, QLD",674.13
1598,"4580, QLD",415.08
1599,"4581, QLD",487.38
1600,"4600, QLD",442.21
1601,"4601, QLD",427.84
1602,"4605, QLD",394.35
1603,"4606, QLD",474.04
1604,"4608, QLD",493.76
1605,"4610, QLD",539.11
1606,"4611, QLD",465.87
1607,"4612, QLD",340.47
1608,"4613, QLD",413.90
1609,"4614, QLD",433.43
1610,"4615, QLD",439.65
1611,"4620, QLD",479.33
1612,"4621, QLD",429.52
1613,"4625, QLD",487.27
1614,"4626, QLD",509.11
1615,"4627, QLD",432.83
1616,"4630, QLD",476.81
1617,"4650, QLD",471.41
1618,"4655, QLD",493.92
1619,"4659, QLD",427.59
1620,"4660, QLD",466.26
1621,"4662, QLD",441.36
1622,"4670, QLD",517.40
1623,"4671, QLD",425.24
1624,"4673, QLD",499.96
1625,"4674, QLD",407.95
1626,"4676, QLD",375.16
1627,"4677, QLD",542.79
1628,"4678, QLD",604.96
1629,"4680, QLD",718.23
1630,"4694, QLD",514.42
1631,"4695, QLD",567.29
1632,"4697, QLD",564.76
1633,"4699, QLD",560.34
1634,"4700, QLD",604.36
1635,"4701, QLD",597.78
1636,"4702, QLD",573.32
1637,"4703, QLD",628.11
1638,"4704, QLD",461.23
1639,"4705, QLD",689.42
1640,"4706, QLD",744.31
1641,"4707, QLD",558.27
1642,"4709, QLD",879.41
1643,"4710, QLD",560.15
1644,"4711, QLD",673.52
1645,"4712, QLD",674.28
1646,"4713, QLD",288.88
1647,"4714, QLD",456.27
1648,"4715, QLD",694.42
1649,"4716, QLD",616.26
1650,"4717, QLD",813.46
1651,"4718, QLD",703.55
1652,"4719, QLD",583.12
1653,"4720, QLD",685.91
1654,"4721, QLD",637.01
1655,"4722, QLD",694.12
1656,"4723, QLD",632.31
1657,"4724, QLD",655.62
1658,"4725, QLD",634.84
1659,"4726, QLD",516.87
1660,"4727, QLD",639.91
1661,"4728, QLD",498.41
1662,"4730, QLD",632.19
1663,"4731, QLD",504.20
1664,"4732, QLD",501.52
1665,"4733, QLD",490.51
1666,"4735, QLD",597.54
1667,"4736, QLD",858.75
1668,"4737, QLD",597.81
1669,"4738, QLD",608.28
1670,"4739, QLD",585.51
1671,"4740, QLD",667.63
1672,"4741, QLD",631.32
1673,"4742, QLD",764.52
1674,"4743, QLD",948.59
1675,"4744, QLD",864.66
1676,"4745, QLD",715.80
1677,"4746, QLD",889.28
1678,"4750, QLD",667.33
1679,"4751, QLD",680.24
1680,"4753, QLD",670.88
1681,"4754, QLD",588.11
1682,"4756, QLD",556.80
1683,"4757, QLD",445.30
1684,"4798, QLD",525.84
1685,"4799, QLD",453.53
1686,"4800, QLD",579.60
1687,"4801, QLD",891.95
1688,"4802, QLD",629.00
1689,"4803, QLD",586.98
1690,"4804, QLD",559.20
1691,"4805, QLD",557.61
1692,"4806, QLD",553.43
1693,"4807, QLD",583.05
1694,"4808, QLD",643.70
1695,"4809, QLD",592.59
1696,"4810, QLD",764.62
1697,"4811, QLD",625.92
1698,"4812, QLD",613.04
1699,"4814, QLD",620.52
1700,"4815, QLD",519.92
1701,"4816, QLD",517.58
1702,"4817, QLD",614.54
1703,"4818, QLD",624.20
1704,"4819, QLD",565.46
1705,"4820, QLD",514.94
1706,"4821, QLD",576.60
1707,"4822, QLD",576.43
1708,"4823, QLD",863.67
1709,"4824, QLD",791.35
1710,"4828, QLD",385.31
1711,"4829, QLD",630.78
1712,"4830, QLD",315.76
1713,"4849, QLD",524.74
1714,"4850, QLD",544.40
1715,"4852, QLD",553.53
1716,"4854, QLD",523.33
1717,"4855, QLD",475.00
1718,"4856, QLD",479.96
1719,"4858, QLD",562.77
1720,"4859, QLD",572.75
1721,"4860, QLD",507.93
1722,"4861, QLD",517.02
1723,"4865, QLD",574.34
1724,"4868, QLD",571.83
1725,"4869, QLD",525.17
1726,"4870, QLD",611.03
1727,"4871, QLD",459.76
1728,"4872, QLD",511.81
1729,"4873, QLD",515.85
1730,"4874, QLD",746.67
1731,"4875, QLD",382.44
1732,"4876, QLD",358.23
1733,"4877, QLD",620.67
1734,"4878, QLD",628.21
1735,"4879, QLD",673.85
1736,"4880, QLD",466.83
1737,"4881, QLD",539.27
1738,"4882, QLD",584.48
1739,"4883, QLD",527.31
1740,"4884, QLD",583.10
1741,"4885, QLD",515.07
1742,"4886, QLD",502.22
1743,"4887, QLD",440.89
1744,"4888, QLD",388.41
1745,"4890, QLD",535.36
1746,"4891, QLD",647.88
1747,"4892, QLD",312.60
1748,"4895, QLD",433.18
1749,"5000, SA",638.00
1750,"5005, SA",nan
1751,"5006, SA",906.10
1752,"5007, SA",688.24
1753,"5008, SA",553.17
1754,"5009, SA",582.38
1755,"5010, SA",444.07
1756,"5011, SA",632.43
1757,"5012, SA",427.10
1758,"5013, SA",486.30
1759,"5014, SA",591.28
1760,"5015, SA",662.37
1761,"5016, SA",672.36
1762,"5017, SA",505.26
1763,"5018, SA",698.68
1764,"5019, SA",683.19
1765,"5020, SA",728.55
1766,"5021, SA",762.42
1767,"5022, SA",786.62
1768,"5023, SA",554.33
1769,"5024, SA",701.19
1770,"5025, SA",641.50
1771,"5031, SA",654.41
1772,"5032, SA",665.60
1773,"5033, SA",580.53
1774,"5034, SA",839.30
1775,"5035, SA",695.83
1776,"5037, SA",614.09
1777,"5038, SA",627.98
1778,"5039, SA",622.75
1779,"5040, SA",647.38
1780,"5041, SA",748.29
1781,"5042, SA",556.07
1782,"5043, SA",571.00
1783,"5044, SA",768.22
1784,"5045, SA",808.33
1785,"5046, SA",632.88
1786,"5047, SA",585.52
1787,"5048, SA",705.80
1788,"5049, SA",746.48
1789,"5050, SA",705.70
1790,"5051, SA",759.42
1791,"5052, SA",802.67
1792,"5061, SA",963.00
1793,"5062, SA",861.17
1794,"5063, SA",826.60
1795,"5064, SA",868.04
1796,"5065, SA",838.88
1797,"5066, SA",910.30
1798,"5067, SA",866.67
1799,"5068, SA",803.54
1800,"5069, SA",876.09
1801,"5070, SA",671.00
1802,"5072, SA",718.74
1803,"5073, SA",639.91
1804,"5074, SA",567.35
1805,"5075, SA",607.82
1806,"5076, SA",697.31
1807,"5081, SA",884.45
1808,"5082, SA",744.17
1809,"5083, SA",704.90
1810,"5084, SA",438.51
1811,"5085, SA",560.22
1812,"5086, SA",582.31
1813,"5087, SA",594.75
1814,"5088, SA",527.06
1815,"5089, SA",712.56
1816,"5090, SA",565.60
1817,"5091, SA",659.57
1818,"5092, SA",582.58
1819,"5093, SA",535.41
1820,"5094, SA",452.34
1821,"5095, SA",614.69
1822,"5096, SA",545.05
1823,"5097, SA",620.77
1824,"5098, SA",520.76
1825,"5106, SA",158.29
1826,"5107, SA",461.61
1827,"5108, SA",447.19
1828,"5109, SA",525.10
1829,"5110, SA",461.26
1830,"5111, SA",967.57
1831,"5112, SA",427.37
1832,"5113, SA",358.03
1833,"5114, SA",504.12
1834,"5115, SA",474.89
1835,"5116, SA",539.80
1836,"5117, SA",604.89
1837,"5118, SA",607.64
1838,"5120, SA",517.45
1839,"5121, SA",523.58
1840,"5125, SA",685.01
1841,"5126, SA",651.42
1842,"5127, SA",678.71
1843,"5131, SA",665.55
1844,"5132, SA",735.28
1845,"5133, SA",811.70
1846,"5134, SA",718.00
1847,"5136, SA",636.84
1848,"5137, SA",737.54
1849,"5138, SA",746.63
1850,"5139, SA",674.14
1851,"5140, SA",884.31
1852,"5141, SA",746.25
1853,"5142, SA",770.81
1854,"5144, SA",874.64
1855,"5150, SA",437.50
1856,"5151, SA",864.42
1857,"5152, SA",860.64
1858,"5153, SA",736.47
1859,"5154, SA",831.83
1860,"5155, SA",744.36
1861,"5156, SA",769.70
1862,"5157, SA",721.79
1863,"5158, SA",657.06
1864,"5159, SA",664.03
1865,"5160, SA",422.92
1866,"5161, SA",561.48
1867,"5162, SA",534.55
1868,"5163, SA",497.50
1869,"5164, SA",406.14
1870,"5165, SA",492.10
1871,"5166, SA",499.11
1872,"5167, SA",567.23
1873,"5168, SA",517.56
1874,"5169, SA",548.48
1875,"5170, SA",578.61
1876,"5171, SA",629.50
1877,"5172, SA",653.42
1878,"5173, SA",502.44
1879,"5174, SA",521.79
1880,"5201, SA",659.05
1881,"5202, SA",576.72
1882,"5203, SA",506.56
1883,"5204, SA",526.96
1884,"5210, SA",538.64
1885,"5211, SA",510.91
1886,"5212, SA",512.54
1887,"5213, SA",627.72
1888,"5214, SA",492.75
1889,"5220, SA",568.63
1890,"5221, SA",365.53
1891,"5222, SA",486.94
1892,"5223, SA",525.19
1893,"5231, SA",700.00
1894,"5232, SA",761.50
1895,"5233, SA",656.22
1896,"5234, SA",614.01
1897,"5235, SA",582.73
1898,"5236, SA",528.92
1899,"5237, SA",436.36
1900,"5238, SA",479.52
1901,"5240, SA",656.69
1902,"5241, SA",594.01
1903,"5242, SA",728.46
1904,"5243, SA",805.48
1905,"5244, SA",618.58
1906,"5245, SA",689.64
1907,"5250, SA",691.43
1908,"5251, SA",613.02
1909,"5252, SA",606.87
1910,"5253, SA",479.01
1911,"5254, SA",530.05
1912,"5255, SA",560.44
1913,"5256, SA",479.68
1914,"5259, SA",494.39
1915,"5260, SA",467.22
1916,"5261, SA",482.58
1917,"5262, SA",586.07
1918,"5263, SA",756.91
1919,"5264, SA",520.55
1920,"5265, SA",423.44
1921,"5266, SA",555.46
1922,"5267, SA",540.53
1923,"5268, SA",540.59
1924,"5269, SA",407.24
1925,"5270, SA",571.32
1926,"5271, SA",576.43
1927,"5272, SA",641.26
1928,"5273, SA",584.07
1929,"5275, SA",587.16
1930,"5276, SA",608.85
1931,"5277, SA",557.80
1932,"5278, SA",507.45
1933,"5279, SA",497.39
1934,"5280, SA",546.69
1935,"5290, SA",543.45
1936,"5291, SA",593.15
1937,"5301, SA",488.55
1938,"5302, SA",584.65
1939,"5303, SA",552.15
1940,"5304, SA",598.58
1941,"5306, SA",410.39
1942,"5307, SA",421.80
1943,"5308, SA",452.48
1944,"5309, SA",322.15
1945,"5310, SA",670.24
1946,"5311, SA",525.47
1947,"5320, SA",468.93
1948,"5321, SA",366.68
1949,"5322, SA",497.52
1950,"5330, SA",498.70
1951,"5331, SA",441.33
1952,"5332, SA",500.99
1953,"5333, SA",548.26
1954,"5340, SA",579.66
1955,"5341, SA",511.51
1956,"5342, SA",570.11
1957,"5343, SA",526.83
1958,"5344, SA",481.45
1959,"5345, SA",508.72
1960,"5346, SA",497.72
1961,"5350, SA",591.88
1962,"5351, SA",610.94
1963,"5352, SA",682.69
1964,"5353, SA",617.88
1965,"5354, SA",520.41
1966,"5355, SA",600.87
1967,"5356, SA",519.20
1968,"5357, SA",490.71
1969,"5360, SA",632.95
1970,"5371, SA",627.55
1971,"5372, SA",547.88
1972,"5373, SA",554.46
1973,"5374, SA",489.81
1974,"5381, SA",387.27
1975,"5400, SA",572.47
1976,"5401, SA",496.85
1977,"5410, SA",504.48
1978,"5411, SA",488.19
1979,"5412, SA",559.73
1980,"5413, SA",510.64
1981,"5414, SA",418.38
1982,"5415, SA",629.39
1983,"5416, SA",430.10
1984,"5417, SA",485.32
1985,"5418, SA",551.28
1986,"5419, SA",622.77
1987,"5420, SA",595.89
1988,"5421, SA",282.37
1989,"5422, SA",428.93
1990,"5431, SA",566.69
1991,"5432, SA",780.22
1992,"5433, SA",598.69
1993,"5434, SA",487.39
1994,"5440, SA",827.51
1995,"5451, SA",569.15
1996,"5452, SA",621.68
1997,"5453, SA",628.17
1998,"5454, SA",485.77
1999,"5455, SA",283.33
2000,"5460, SA",528.69
2001,"5461, SA",541.58
2002,"5462, SA",532.83
2003,"5464, SA",558.27
2004,"5470, SA",551.25
2005,"5471, SA",494.48
2006,"5472, SA",346.93
2007,"5473, SA",468.98
2008,"5480, SA",543.28
2009,"5481, SA",490.73
2010,"5482, SA",582.97
2011,"5483, SA",601.69
2012,"5485, SA",562.97
2013,"5490, SA",517.80
2014,"5491, SA",635.83
2015,"5493, SA",230.90
2016,"5495, SA",573.02
2017,"5501, SA",542.76
2018,"5502, SA",597.82
2019,"5510, SA",636.49
2020,"5520, SA",514.09
2021,"5521, SA",350.17
2022,"5522, SA",557.85
2023,"5523, SA",574.22
2024,"5540, SA",521.13
2025,"5550, SA",492.39
2026,"5552, SA",538.05
2027,"5554, SA",518.30
2028,"5555, SA",552.34
2029,"5556, SA",509.15
2030,"5558, SA",504.82
2031,"5560, SA",506.56
2032,"5570, SA",515.60
2033,"5571, SA",540.20
2034,"5572, SA",868.54
2035,"5573, SA",550.87
2036,"5575, SA",504.76
2037,"5576, SA",530.72
2038,"5577, SA",550.85
2039,"5580, SA",534.48
2040,"5581, SA",579.11
2041,"5582, SA",549.88
2042,"5583, SA",508.39
2043,"5600, SA",701.94
2044,"5601, SA",575.59
2045,"5602, SA",532.97
2046,"5603, SA",606.87
2047,"5604, SA",610.15
2048,"5605, SA",550.53
2049,"5606, SA",568.76
2050,"5607, SA",554.39
2051,"5608, SA",489.83
2052,"5609, SA",692.50
2053,"5630, SA",409.93
2054,"5631, SA",594.88
2055,"5632, SA",697.13
2056,"5633, SA",598.83
2057,"5640, SA",589.41
2058,"5641, SA",612.12
2059,"5642, SA",604.37
2060,"5650, SA",648.14
2061,"5651, SA",814.14
2062,"5652, SA",543.47
2063,"5653, SA",589.56
2064,"5654, SA",491.91
2065,"5655, SA",455.15
2066,"5660, SA",858.00
2067,"5661, SA",637.58
2068,"5670, SA",570.51
2069,"5671, SA",673.79
2070,"5680, SA",560.85
2071,"5690, SA",538.43
2072,"5700, SA",546.39
2073,"5701, SA",337.50
2074,"5710, SA",521.34
2075,"5713, SA",382.35
2076,"5715, SA",512.50
2077,"5717, SA",1082.81
2078,"5719, SA",477.27
2079,"5720, SA",952.19
2080,"5722, SA",579.90
2081,"5723, SA",597.96
2082,"5724, SA",434.06
2083,"5725, SA",1014.21
2084,"5730, SA",295.25
2085,"5731, SA",962.98
2086,"5732, SA",665.95
2087,"5733, SA",617.60
2088,"5734, SA",237.72
2089,"5950, SA",nan
2090,"5960, SA",540.00
2091,"6000, WA",918.77
2092,"6003, WA",892.52
2093,"6004, WA",984.34
2094,"6005, WA",993.91
2095,"6006, WA",933.97
2096,"6007, WA",1034.53
2097,"6008, WA",1019.24
2098,"6009, WA",936.75
2099,"6010, WA",986.81
2100,"6011, WA",1141.13
2101,"6012, WA",942.31
2102,"6014, WA",930.35
2103,"6015, WA",1055.38
2104,"6016, WA",876.09
2105,"6017, WA",720.80
2106,"6018, WA",863.32
2107,"6019, WA",949.99
2108,"6020, WA",903.90
2109,"6021, WA",739.94
2110,"6022, WA",735.33
2111,"6023, WA",820.25
2112,"6024, WA",724.53
2113,"6025, WA",797.07
2114,"6026, WA",783.70
2115,"6027, WA",748.78
2116,"6028, WA",797.16
2117,"6029, WA",994.76
2118,"6030, WA",647.57
2119,"6031, WA",652.64
2120,"6032, WA",790.05
2121,"6033, WA",640.82
2122,"6034, WA",713.19
2123,"6035, WA",602.58
2124,"6036, WA",614.84
2125,"6037, WA",582.09
2126,"6038, WA",696.47
2127,"6041, WA",577.13
2128,"6042, WA",488.61
2129,"6043, WA",599.18
2130,"6044, WA",644.51
2131,"6050, WA",927.39
2132,"6051, WA",853.52
2133,"6052, WA",829.41
2134,"6053, WA",803.15
2135,"6054, WA",666.54
2136,"6055, WA",709.10
2137,"6056, WA",640.02
2138,"6057, WA",683.26
2139,"6058, WA",645.98
2140,"6059, WA",735.00
2141,"6060, WA",799.17
2142,"6061, WA",536.87
2143,"6062, WA",643.76
2144,"6063, WA",547.03
2145,"6064, WA",516.77
2146,"6065, WA",690.87
2147,"6066, WA",598.55
2148,"6067, WA",428.57
2149,"6068, WA",385.71
2150,"6069, WA",658.22
2151,"6070, WA",808.04
2152,"6071, WA",777.48
2153,"6072, WA",684.66
2154,"6073, WA",705.35
2155,"6074, WA",660.65
2156,"6076, WA",746.21
2157,"6077, WA",731.35
2158,"6078, WA",724.30
2159,"6079, WA",628.57
2160,"6081, WA",713.91
2161,"6082, WA",700.40
2162,"6083, WA",730.47
2163,"6084, WA",659.84
2164,"6090, WA",0.00
2165,"6100, WA",852.67
2166,"6101, WA",762.37
2167,"6102, WA",523.68
2168,"6103, WA",713.44
2169,"6104, WA",696.57
2170,"6105, WA",609.58
2171,"6106, WA",0.00
2172,"6107, WA",593.88
2173,"6108, WA",606.66
2174,"6109, WA",519.66
2175,"6110, WA",585.30
2176,"6111, WA",633.92
2177,"6112, WA",623.47
2178,"6121, WA",751.96
2179,"6122, WA",655.33
2180,"6123, WA",591.28
2181,"6124, WA",700.21
2182,"6125, WA",692.42
2183,"6126, WA",280.83
2184,"6147, WA",586.42
2185,"6148, WA",726.59
2186,"6149, WA",790.58
2187,"6150, WA",740.24
2188,"6151, WA",963.35
2189,"6152, WA",824.65
2190,"6153, WA",950.95
2191,"6154, WA",808.56
2192,"6155, WA",682.14
2193,"6156, WA",813.53
2194,"6157, WA",848.52
2195,"6158, WA",943.39
2196,"6159, WA",1079.89
2197,"6160, WA",855.70
2198,"6161, WA",273.74
2199,"6162, WA",810.98
2200,"6163, WA",701.45
2201,"6164, WA",722.07
2202,"6165, WA",700.97
2203,"6166, WA",761.84
2204,"6167, WA",553.96
2205,"6168, WA",610.08
2206,"6169, WA",635.43
2207,"6170, WA",647.33
2208,"6171, WA",676.07
2209,"6172, WA",620.56
2210,"6173, WA",729.24
2211,"6174, WA",657.24
2212,"6175, WA",691.95
2213,"6176, WA",667.88
2214,"6180, WA",629.16
2215,"6181, WA",771.34
2216,"6182, WA",0.00
2217,"6207, WA",697.99
2218,"6208, WA",606.89
2219,"6209, WA",596.13
2220,"6210, WA",626.51
2221,"6211, WA",649.89
2222,"6213, WA",626.95
2223,"6214, WA",674.31
2224,"6215, WA",602.22
2225,"6218, WA",498.74
2226,"6220, WA",585.76
2227,"6221, WA",388.72
2228,"6223, WA",701.74
2229,"6224, WA",570.92
2230,"6225, WA",627.99
2231,"6226, WA",730.72
2232,"6227, WA",640.59
2233,"6228, WA",577.44
2234,"6229, WA",548.57
2235,"6230, WA",649.80
2236,"6232, WA",627.28
2237,"6233, WA",661.38
2238,"6236, WA",697.08
2239,"6237, WA",693.04
2240,"6239, WA",590.32
2241,"6240, WA",574.39
2242,"6243, WA",309.27
2243,"6244, WA",609.90
2244,"6251, WA",496.01
2245,"6252, WA",525.00
2246,"6253, WA",584.54
2247,"6254, WA",504.94
2248,"6255, WA",568.35
2249,"6256, WA",674.28
2250,"6258, WA",566.61
2251,"6260, WA",560.81
2252,"6262, WA",541.96
2253,"6271, WA",612.36
2254,"6275, WA",545.06
2255,"6280, WA",599.20
2256,"6281, WA",707.35
2257,"6282, WA",783.21
2258,"6284, WA",609.35
2259,"6285, WA",624.07
2260,"6286, WA",646.05
2261,"6288, WA",580.71
2262,"6290, WA",563.76
2263,"6302, WA",567.95
2264,"6304, WA",576.57
2265,"6306, WA",633.81
2266,"6308, WA",564.74
2267,"6309, WA",668.04
2268,"6311, WA",598.15
2269,"6312, WA",569.99
2270,"6313, WA",677.58
2271,"6315, WA",546.02
2272,"6316, WA",698.34
2273,"6317, WA",530.87
2274,"6318, WA",608.24
2275,"6320, WA",486.29
2276,"6321, WA",559.62
2277,"6322, WA",478.96
2278,"6323, WA",546.45
2279,"6324, WA",520.62
2280,"6326, WA",586.02
2281,"6327, WA",476.37
2282,"6328, WA",548.71
2283,"6330, WA",592.41
2284,"6333, WA",564.03
2285,"6335, WA",630.56
2286,"6336, WA",654.82
2287,"6337, WA",641.30
2288,"6338, WA",750.44
2289,"6341, WA",617.11
2290,"6343, WA",640.19
2291,"6346, WA",786.06
2292,"6348, WA",682.06
2293,"6350, WA",490.56
2294,"6351, WA",525.00
2295,"6352, WA",687.50
2296,"6353, WA",697.70
2297,"6355, WA",736.01
2298,"6356, WA",801.40
2299,"6357, WA",599.34
2300,"6358, WA",881.25
2301,"6359, WA",779.32
2302,"6361, WA",459.87
2303,"6363, WA",497.36
2304,"6365, WA",657.45
2305,"6367, WA",562.01
2306,"6368, WA",603.12
2307,"6369, WA",698.09
2308,"6370, WA",547.11
2309,"6372, WA",390.95
2310,"6373, WA",536.46
2311,"6375, WA",638.17
2312,"6383, WA",592.89
2313,"6384, WA",573.03
2314,"6385, WA",617.05
2315,"6386, WA",1155.28
2316,"6390, WA",812.22
2317,"6391, WA",666.07
2318,"6392, WA",606.63
2319,"6393, WA",314.04
2320,"6394, WA",669.54
2321,"6395, WA",619.31
2322,"6396, WA",599.31
2323,"6397, WA",350.53
2324,"6398, WA",527.61
2325,"6401, WA",540.54
2326,"6403, WA",646.12
2327,"6405, WA",564.58
2328,"6407, WA",584.13
2329,"6409, WA",531.17
2330,"6410, WA",514.31
2331,"6411, WA",797.98
2332,"6412, WA",1062.50
2333,"6413, WA",411.73
2334,"6414, WA",641.67
2335,"6415, WA",620.55
2336,"6418, WA",669.08
2337,"6419, WA",345.91
2338,"6420, WA",827.55
2339,"6421, WA",500.00
2340,"6422, WA",1048.61
2341,"6423, WA",974.88
2342,"6424, WA",598.75
2343,"6425, WA",404.83
2344,"6426, WA",742.67
2345,"6427, WA",1892.66
2346,"6428, WA",286.84
2347,"6429, WA",542.56
2348,"6430, WA",815.67
2349,"6431, WA",605.28
2350,"6432, WA",679.38
2351,"6434, WA",1334.68
2352,"6436, WA",509.17
2353,"6437, WA",905.90
2354,"6438, WA",892.42
2355,"6440, WA",1080.04
2356,"6442, WA",734.67
2357,"6443, WA",647.48
2358,"6445, WA",742.42
2359,"6446, WA",872.71
2360,"6447, WA",917.90
2361,"6448, WA",432.36
2362,"6450, WA",619.94
2363,"6452, WA",0.00
2364,"6460, WA",568.16
2365,"6461, WA",646.43
2366,"6462, WA",645.00
2367,"6463, WA",698.44
2368,"6465, WA",923.15
2369,"6466, WA",554.78
2370,"6467, WA",733.65
2371,"6468, WA",719.23
2372,"6470, WA",440.00
2373,"6472, WA",757.77
2374,"6473, WA",499.42
2375,"6475, WA",640.34
2376,"6476, WA",1018.63
2377,"6477, WA",600.18
2378,"6479, WA",651.55
2379,"6480, WA",618.23
2380,"6484, WA",1190.00
2381,"6485, WA",528.33
2382,"6487, WA",525.48
2383,"6488, WA",510.75
2384,"6489, WA",562.25
2385,"6490, WA",651.20
2386,"6501, WA",644.57
2387,"6502, WA",555.08
2388,"6503, WA",575.68
2389,"6504, WA",628.80
2390,"6505, WA",685.59
2391,"6506, WA",665.25
2392,"6507, WA",707.79
2393,"6509, WA",543.36
2394,"6510, WA",604.18
2395,"6511, WA",668.18
2396,"6512, WA",495.36
2397,"6513, WA",623.65
2398,"6514, WA",578.47
2399,"6515, WA",764.69
2400,"6516, WA",651.50
2401,"6517, WA",679.65
2402,"6518, WA",566.39
2403,"6519, WA",610.90
2404,"6521, WA",790.41
2405,"6522, WA",649.95
2406,"6525, WA",631.42
2407,"6528, WA",592.30
2408,"6530, WA",625.15
2409,"6532, WA",629.68
2410,"6535, WA",560.91
2411,"6536, WA",582.76
2412,"6537, WA",613.59
2413,"6556, WA",675.17
2414,"6558, WA",185.06
2415,"6560, WA",563.84
2416,"6562, WA",639.94
2417,"6564, WA",642.59
2418,"6566, WA",610.46
2419,"6567, WA",701.79
2420,"6568, WA",717.42
2421,"6569, WA",570.28
2422,"6571, WA",819.74
2423,"6572, WA",425.42
2424,"6574, WA",487.50
2425,"6575, WA",665.58
2426,"6603, WA",674.41
2427,"6605, WA",1157.74
2428,"6606, WA",634.60
2429,"6608, WA",648.88
2430,"6609, WA",711.24
2431,"6612, WA",663.57
2432,"6613, WA",451.17
2433,"6614, WA",518.75
2434,"6616, WA",361.84
2435,"6620, WA",1046.19
2436,"6623, WA",531.87
2437,"6625, WA",405.50
2438,"6627, WA",370.70
2439,"6628, WA",214.86
2440,"6630, WA",536.39
2441,"6631, WA",1018.75
2442,"6632, WA",520.65
2443,"6635, WA",891.45
2444,"6638, WA",463.38
2445,"6639, WA",655.34
2446,"6640, WA",489.60
2447,"6642, WA",792.12
2448,"6646, WA",979.80
2449,"6701, WA",564.57
2450,"6705, WA",307.05
2451,"6707, WA",726.66
2452,"6710, WA",1881.15
2453,"6711, WA",nan
2454,"6712, WA",2289.95
2455,"6713, WA",1035.85
2456,"6714, WA",982.89
2457,"6716, WA",1103.31
2458,"6718, WA",310.52
2459,"6720, WA",924.14
2460,"6721, WA",1118.77
2461,"6722, WA",851.04
2462,"6725, WA",643.23
2463,"6726, WA",744.44
2464,"6728, WA",459.72
2465,"6731, WA",0.00
2466,"6733, WA",nan
2467,"6740, WA",462.48
2468,"6743, WA",686.56
2469,"6751, WA",1256.51
2470,"6753, WA",1072.47
2471,"6754, WA",996.33
2472,"6758, WA",1848.03
2473,"6760, WA",618.90
2474,"6762, WA",1216.23
2475,"6765, WA",424.74
2476,"6770, WA",346.95
2477,"7000, TAS",784.52
2478,"7001, TAS",nan
2479,"7004, TAS",789.65
2480,"7005, TAS",776.62
2481,"7007, TAS",784.53
2482,"7008, TAS",703.98
2483,"7009, TAS",530.86
2484,"7010, TAS",501.93
2485,"7011, TAS",523.34
2486,"7012, TAS",574.82
2487,"7015, TAS",699.05
2488,"7016, TAS",346.64
2489,"7017, TAS",639.81
2490,"7018, TAS",663.37
2491,"7019, TAS",463.78
2492,"7020, TAS",717.32
2493,"7021, TAS",692.35
2494,"7022, TAS",621.44
2495,"7023, TAS",681.25
2496,"7024, TAS",733.64
2497,"7025, TAS",671.10
2498,"7026, TAS",517.60
2499,"7027, TAS",493.83
2500,"7030, TAS",471.24
2501,"7050, TAS",620.90
2502,"7052, TAS",680.38
2503,"7053, TAS",766.84
2504,"7054, TAS",641.99
2505,"7055, TAS",563.91
2506,"7109, TAS",537.10
2507,"7112, TAS",481.78
2508,"7113, TAS",514.84
2509,"7116, TAS",452.85
2510,"7117, TAS",524.27
2511,"7119, TAS",376.88
2512,"7120, TAS",480.72
2513,"7139, TAS",nan
2514,"7140, TAS",487.41
2515,"7150, TAS",596.67
2516,"7155, TAS",647.18
2517,"7162, TAS",608.59
2518,"7163, TAS",591.15
2519,"7170, TAS",758.93
2520,"7171, TAS",594.90
2521,"7172, TAS",519.65
2522,"7173, TAS",547.24
2523,"7174, TAS",561.33
2524,"7175, TAS",566.07
2525,"7176, TAS",474.09
2526,"7177, TAS",521.43
2527,"7178, TAS",419.68
2528,"7179, TAS",580.79
2529,"7180, TAS",371.38
2530,"7182, TAS",458.75
2531,"7183, TAS",394.12
2532,"7184, TAS",422.81
2533,"7185, TAS",694.07
2534,"7186, TAS",504.76
2535,"7187, TAS",425.18
2536,"7190, TAS",535.56
2537,"7209, TAS",532.90
2538,"7210, TAS",439.68
2539,"7211, TAS",454.56
2540,"7212, TAS",538.43
2541,"7213, TAS",305.08
2542,"7214, TAS",421.52
2543,"7215, TAS",508.37
2544,"7216, TAS",460.19
2545,"7248, TAS",436.40
2546,"7249, TAS",569.73
2547,"7250, TAS",610.15
2548,"7252, TAS",580.16
2549,"7253, TAS",450.44
2550,"7254, TAS",534.32
2551,"7255, TAS",609.09
2552,"7256, TAS",653.30
2553,"7257, TAS",352.86
2554,"7258, TAS",763.06
2555,"7259, TAS",487.99
2556,"7260, TAS",479.25
2557,"7261, TAS",447.59
2558,"7262, TAS",549.91
2559,"7263, TAS",413.34
2560,"7264, TAS",409.71
2561,"7265, TAS",437.55
2562,"7267, TAS",598.47
2563,"7268, TAS",547.03
2564,"7270, TAS",476.84
2565,"7275, TAS",531.55
2566,"7276, TAS",512.02
2567,"7277, TAS",598.93
2568,"7290, TAS",558.67
2569,"7291, TAS",548.17
2570,"7292, TAS",578.00
2571,"7300, TAS",578.16
2572,"7301, TAS",533.19
2573,"7302, TAS",478.92
2574,"7303, TAS",501.98
2575,"7304, TAS",474.69
2576,"7305, TAS",452.61
2577,"7306, TAS",506.29
2578,"7307, TAS",560.10
2579,"7310, TAS",524.00
2580,"7315, TAS",539.46
2581,"7316, TAS",564.81
2582,"7320, TAS",527.60
2583,"7321, TAS",538.02
2584,"7322, TAS",524.43
2585,"7325, TAS",531.50
2586,"7330, TAS",517.93
2587,"7331, TAS",614.93
2588,"7466, TAS",194.23
2589,"7467, TAS",475.20
2590,"7468, TAS",602.51
2591,"7469, TAS",522.06
2592,"7470, TAS",608.03
2593,"0800, NT",1056.36
2594,"0810, NT",784.91
2595,"0812, NT",747.55
2596,"0815, NT",281.91
2597,"0820, NT",997.30
2598,"0822, NT",338.71
2599,"0828, NT",584.62
2600,"0829, NT",505.04
2601,"0830, NT",729.55
2602,"0832, NT",835.47
2603,"0834, NT",871.76
2604,"0835, NT",931.61
2605,"0836, NT",805.84
2606,"0837, NT",611.71
2607,"0838, NT",721.08
2608,"0839, NT",705.22
2609,"0840, NT",466.10
2610,"0841, NT",667.88
2611,"0845, NT",488.51
2612,"0846, NT",493.70
2613,"0847, NT",427.74
2614,"0850, NT",592.16
2615,"0852, NT",305.43
2616,"0853, NT",809.70
2617,"0854, NT",397.80
2618,"0860, NT",554.22
2619,"0862, NT",416.08
2620,"0870, NT",760.44
2621,"0873, NT",587.12
2622,"0874, NT",882.59
2623,"0875, NT",662.63
2624,"0880, NT",561.16
2625,"0885, NT",1116.74
2626,"0886, NT",760.89
2627,"2600, ACT",1258.88
2628,"2601, ACT",624.31
2629,"2602, ACT",922.14
2630,"2603, ACT",1152.01
2631,"2604, ACT",1115.35
2632,"2605, ACT",981.71
2633,"2606, ACT",913.98
2634,"2607, ACT",951.09
2635,"2609, ACT",627.60
2636,"2612, ACT",1010.06
2637,"2614, ACT",883.06
2638,"2615, ACT",781.07
2639,"2617, ACT",824.45
2640,"2900, ACT",957.99
2641,"2902, ACT",821.58
2642,"2903, ACT",835.67
2643,"2904, ACT",913.05
2644,"2905, ACT",808.12
2645,"2906, ACT",819.77
2646,"2911, ACT",956.35
2647,"2912, ACT",786.66
2648,"2913, ACT",841.63
2649,"2914, ACT",834.74
2650,"2899, OT",542.66
2651,"6798, OT",702.21
2652,"6799, OT",527.40
